{
	"info": {
		"_postman_id": "dee1f0d2-eedf-44c1-8448-7cb481a04b68",
		"name": "Cloud-Serverless",
		"schema": "https://schema.getpostman.com/json/collection/v2.1.0/collection.json",
		"_exporter_id": "18191707"
	},
	"item": [
		{
			"name": "Serverless-Dogs",
			"item": [
				{
					"name": "GetAllDogs",
					"request": {
						"method": "GET",
						"header": [],
						"url": {
							"raw": "https://fpx27tfx6pe555vvha7sxtvuty0yvour.lambda-url.eu-central-1.on.aws/",
							"protocol": "https",
							"host": [
								"fpx27tfx6pe555vvha7sxtvuty0yvour",
								"lambda-url",
								"eu-central-1",
								"on",
								"aws"
							],
							"path": [
								""
							]
						}
					},
					"response": []
				},
				{
					"name": "GetDog",
					"request": {
						"method": "GET",
						"header": [],
						"url": {
							"raw": "https://7nhqptysednxckbrwfvgltzq4u0ccaje.lambda-url.eu-central-1.on.aws/doggo",
							"protocol": "https",
							"host": [
								"7nhqptysednxckbrwfvgltzq4u0ccaje",
								"lambda-url",
								"eu-central-1",
								"on",
								"aws"
							],
							"path": [
								"doggo"
							]
						}
					},
					"response": []
				},
				{
					"name": "DeleteDog",
					"request": {
						"method": "DELETE",
						"header": [],
						"url": {
							"raw": "https://2a3ah5kymnpuvzvfcetltcwymu0zzrhr.lambda-url.eu-central-1.on.aws/doggo",
							"protocol": "https",
							"host": [
								"2a3ah5kymnpuvzvfcetltcwymu0zzrhr",
								"lambda-url",
								"eu-central-1",
								"on",
								"aws"
							],
							"path": [
								"doggo"
							]
						}
					},
					"response": []
				},
				{
					"name": "CreateDog",
					"request": {
						"method": "POST",
						"header": [],
						"body": {
							"mode": "raw",
							"raw": "{\r\n    \"name\": \"doggo\",\r\n    \"size\": \"medium\",\r\n    \"friendliness\": 8\r\n}",
							"options": {
								"raw": {
									"language": "json"
								}
							}
						},
						"url": {
							"raw": "https://ms3hnjomkzrpowe4sebk5hxqqq0epllw.lambda-url.eu-central-1.on.aws/",
							"protocol": "https",
							"host": [
								"ms3hnjomkzrpowe4sebk5hxqqq0epllw",
								"lambda-url",
								"eu-central-1",
								"on",
								"aws"
							],
							"path": [
								""
							]
						}
					},
					"response": []
				}
			],
			"description": "Endpoint URLs will change on deployment. Updates to the stack won't change the URLs. Removal and later creation will generate new URLs.\n\n**To send the requests, paste the URLs of the functions apon deployment.**"
		}
	]
}