{
  "univerzitet":{
    "naziv":"UNS",
    "fakulteti":[
      {
        "naziv":"FTN",
        "id":"1",
        "odseci":[
          {
            "naziv":"Elektro",
            "id":"E",
            "studenti":[
              {
                "brojIndeksa":"1122",
                "ime":"Petar",
                "prezime":"Petrovic",
                "polozeniIspiti":[
                  {
                    "ocena":"6",
                    "datum":"2004-08-10",
                    "nastavnik":"Pero",
                    "predmet":"Mehanika"
                  },
                  {
                    "ocena":"7",
                    "datum":"2004-08-10",
                    "nastavnik":"Vaso",
                    "predmet":"Fizicko"
                  },
                  {
                    "ocena":"8",
                    "datum":"2004-08-10",
                    "nastavnik":"Ilija",
                    "predmet":"Matematika"
                  }
                ]
              },
              {
                "brojIndeksa":"1133",
                "ime":"Marko",
                "prezime":"Markovic",
                "polozeniIspiti":[
                  {
                    "ocena":"9",
                    "datum":"2004-08-10",
                    "nastavnik":"Pero",
                    "predmet":"Mehanika"
                  },
                  {
                    "ocena":"9",
                    "datum":"2004-09-10",
                    "nastavnik":"Vaso",
                    "predmet":"Fizicko"
                  },
                  {
                    "ocena":"8",
                    "datum":"2004-10-10",
                    "nastavnik":"Ilija",
                    "predmet":"Matematika"
                  }
                ]
              }
            ]
          },
          {
            "naziv":"Menadzment",
            "id":"IM",
            "studenti":[
              {
                "brojIndeksa":"1122",
                "ime":"Svetlana",
                "prezime":"Tamnic",
                "polozeniIspiti":[
                  {
                    "ocena":"6",
                    "datum":"2003-08-10",
                    "nastavnik":"Jela",
                    "predmet":"Ekonomija"
                  },
                  {
                    "ocena":"7",
                    "datum":"2003-08-10",
                    "nastavnik":"Vaso",
                    "predmet":"Fizicko"
                  },
                  {
                    "ocena":"8",
                    "datum":"2003-08-10",
                    "nastavnik":"Ilija",
                    "predmet":"Matematika"
                  }
                ]
              },
              {
                "brojIndeksa":"1133",
                "ime":"Mira",
                "prezime":"MIric",
                "polozeniIspiti":[
                  {
                    "ocena":"9",
                    "datum":"2003-08-10",
                    "nastavnik":"Pero",
                    "predmet":"Ekonomija"
                  },
                  {
                    "ocena":"9",
                    "datum":"2003-09-10",
                    "nastavnik":"Vaso",
                    "predmet":"Fizicko"
                  },
                  {
                    "ocena":"8",
                    "datum":"2003-10-10",
                    "nastavnik":"Ilija",
                    "predmet":"Matematika"
                  }
                ]
              }
            ]
          }
        ]
      },
      {
        "naziv":"Ekonomski fakultet",
        "id":"2",
        "odseci":{
          "naziv":"Opsta ekonomija",
          "id":"E",
          "studenti":[
            {
              "brojIndeksa":"1122",
              "ime":"Lijlja",
              "prezime":"Radic",
              "polozeniIspiti":[
                {
                  "ocena":"6",
                  "datum":"2002-08-10",
                  "nastavnik":"Pero",
                  "predmet":"Ekonomija 1"
                },
                {
                  "ocena":"7",
                  "datum":"2002-08-10",
                  "nastavnik":"Vaso",
                  "predmet":"Fizicko"
                },
                {
                  "ocena":"8",
                  "datum":"2002-08-10",
                  "nastavnik":"Ilija",
                  "predmet":"Makro ekonomija"
                }
              ]
            },
            {
              "brojIndeksa":"1133",
              "ime":"Tamara",
              "prezime":"Jovic",
              "polozeniIspiti":[
                {
                  "ocena":"10",
                  "datum":"2002-08-10",
                  "nastavnik":"Pero",
                  "predmet":"Ekonomija 1"
                },
                {
                  "ocena":"10",
                  "datum":"2002-08-10",
                  "nastavnik":"Vaso",
                  "predmet":"Fizicko"
                },
                {
                  "ocena":"10",
                  "datum":"2002-08-10",
                  "nastavnik":"Ilija",
                  "predmet":"Makro ekonomija"
                }
              ]
            }
          ]
        }
      }
    ]
  }
}